{
	"info": {
		"_postman_id": "b709204f-9c8e-49ee-837b-2076c87244d5",
		"name": "Backend-React-Ultimate-v2",
		"schema": "https://schema.getpostman.com/json/collection/v2.1.0/collection.json",
		"_exporter_id": "12317336"
	},
	"item": [
		{
			"name": "Auth",
			"item": [
				{
					"name": "Register",
					"request": {
						"method": "POST",
						"header": [],
						"body": {
							"mode": "urlencoded",
							"urlencoded": [
								{
									"key": "email",
									"value": "hoidanit@gmail.com",
									"type": "text"
								},
								{
									"key": "username",
									"value": "eric",
									"type": "text"
								},
								{
									"key": "password",
									"value": "123456",
									"type": "text"
								}
							]
						},
						"url": {
							"raw": "http://localhost:8081/api/v1/register",
							"protocol": "http",
							"host": [
								"localhost"
							],
							"port": "8081",
							"path": [
								"api",
								"v1",
								"register"
							]
						}
					},
					"response": []
				},
				{
					"name": "Login",
					"request": {
						"method": "POST",
						"header": [],
						"body": {
							"mode": "urlencoded",
							"urlencoded": [
								{
									"key": "email",
									"value": "user@gmail.com",
									"type": "text"
								},
								{
									"key": "password",
									"value": "123456",
									"type": "text"
								}
							]
						},
						"url": {
							"raw": "http://localhost:8081/api/v1/login",
							"protocol": "http",
							"host": [
								"localhost"
							],
							"port": "8081",
							"path": [
								"api",
								"v1",
								"login"
							]
						}
					},
					"response": []
				},
				{
					"name": "Refresh Token",
					"request": {
						"method": "POST",
						"header": [],
						"body": {
							"mode": "urlencoded",
							"urlencoded": [
								{
									"key": "email",
									"value": "user@gmail.com",
									"type": "text"
								},
								{
									"key": "refresh_token",
									"value": "d515c9bd-a98b-40a4-af90-51d6941d8135",
									"type": "text"
								}
							]
						},
						"url": {
							"raw": "http://localhost:8081/api/v1/refresh-token",
							"protocol": "http",
							"host": [
								"localhost"
							],
							"port": "8081",
							"path": [
								"api",
								"v1",
								"refresh-token"
							],
							"query": [
								{
									"key": "",
									"value": "",
									"disabled": true
								}
							]
						}
					},
					"response": []
				},
				{
					"name": "Logout",
					"request": {
						"method": "POST",
						"header": [],
						"body": {
							"mode": "urlencoded",
							"urlencoded": [
								{
									"key": "email",
									"value": "user@gmail.com",
									"type": "text"
								},
								{
									"key": "refresh_token",
									"value": "d2bd7b81-3556-4e55-9ad6-0ea132bf1042",
									"type": "text"
								}
							]
						},
						"url": {
							"raw": "http://localhost:8081/api/v1/logout",
							"protocol": "http",
							"host": [
								"localhost"
							],
							"port": "8081",
							"path": [
								"api",
								"v1",
								"logout"
							],
							"query": [
								{
									"key": "",
									"value": "",
									"disabled": true
								}
							]
						}
					},
					"response": []
				},
				{
					"name": "Change Password",
					"request": {
						"auth": {
							"type": "bearer",
							"bearer": [
								{
									"key": "token",
									"value": "eyJhbGciOiJIUzI1NiIsInR5cCI6IkpXVCJ9.eyJlbWFpbCI6InVzZXJAZ21haWwuY29tIiwicm9sZSI6IlVTRVIiLCJpZCI6MiwiaWF0IjoxNjYwMTA2MTc3LCJleHAiOjE2NjAxOTI1Nzd9.guQ8jmZn5tS_TRYcVycPcataHzcTVBoJ7cdhaOYJ5NI",
									"type": "string"
								}
							]
						},
						"method": "POST",
						"header": [],
						"body": {
							"mode": "urlencoded",
							"urlencoded": [
								{
									"key": "current_password",
									"value": "123456",
									"type": "text"
								},
								{
									"key": "new_password",
									"value": "654321",
									"type": "text"
								}
							]
						},
						"url": {
							"raw": "http://localhost:8081/api/v1/change-password",
							"protocol": "http",
							"host": [
								"localhost"
							],
							"port": "8081",
							"path": [
								"api",
								"v1",
								"change-password"
							]
						}
					},
					"response": []
				},
				{
					"name": "Update Profile",
					"request": {
						"auth": {
							"type": "bearer",
							"bearer": [
								{
									"key": "token",
									"value": "eyJhbGciOiJIUzI1NiIsInR5cCI6IkpXVCJ9.eyJlbWFpbCI6InVzZXJAZ21haWwuY29tIiwicm9sZSI6IlVTRVIiLCJpZCI6MiwiaWF0IjoxNjYwMTEzNjMzLCJleHAiOjE2NjAyMDAwMzN9.AIWV2VjKKATw4GB9CGZnQQSNHHSzRvlRV4XoQ6nXuvs",
									"type": "string"
								}
							]
						},
						"method": "POST",
						"header": [],
						"body": {
							"mode": "formdata",
							"formdata": [
								{
									"key": "username",
									"value": "Eric",
									"type": "text"
								},
								{
									"key": "userImage",
									"type": "file",
									"src": "/C:/Users/akina/Desktop/def.jpg"
								}
							]
						},
						"url": {
							"raw": "http://localhost:8081/api/v1/profile",
							"protocol": "http",
							"host": [
								"localhost"
							],
							"port": "8081",
							"path": [
								"api",
								"v1",
								"profile"
							]
						}
					},
					"response": []
				},
				{
					"name": "Dashboard Overview",
					"request": {
						"auth": {
							"type": "bearer",
							"bearer": [
								{
									"key": "token",
									"value": "eyJhbGciOiJIUzI1NiIsInR5cCI6IkpXVCJ9.eyJlbWFpbCI6InVzZXJAZ21haWwuY29tIiwicm9sZSI6IlVTRVIiLCJpZCI6MiwiaWF0IjoxNjYwMjI2OTg0LCJleHAiOjE2NjAzMTMzODR9.MoUhif0_62qAvy6elh61TgxjPA72SyTbYnYi8_T2FeM",
									"type": "string"
								}
							]
						},
						"method": "GET",
						"header": [],
						"url": {
							"raw": "http://localhost:8081/api/v1/overview",
							"protocol": "http",
							"host": [
								"localhost"
							],
							"port": "8081",
							"path": [
								"api",
								"v1",
								"overview"
							]
						}
					},
					"response": []
				},
				{
					"name": "History",
					"request": {
						"auth": {
							"type": "bearer",
							"bearer": [
								{
									"key": "token",
									"value": "eyJhbGciOiJIUzI1NiIsInR5cCI6IkpXVCJ9.eyJlbWFpbCI6InVzZXJAZ21haWwuY29tIiwicm9sZSI6IlVTRVIiLCJpZCI6MiwiaWF0IjoxNjYwMTE0MjcxLCJleHAiOjE2NjAyMDA2NzF9.BN8iVHTJV_gsfzKn30mN-CkqMgtqU3-Vl9zJiaNRzb0",
									"type": "string"
								}
							]
						},
						"method": "GET",
						"header": [],
						"url": {
							"raw": "http://localhost:8081/api/v1/history",
							"protocol": "http",
							"host": [
								"localhost"
							],
							"port": "8081",
							"path": [
								"api",
								"v1",
								"history"
							]
						}
					},
					"response": []
				}
			]
		},
		{
			"name": "Quiz",
			"item": [
				{
					"name": "GET Quiz by id (all)",
					"request": {
						"method": "GET",
						"header": [],
						"url": {
							"raw": "http://localhost:8081/api/v1/quiz/1",
							"protocol": "http",
							"host": [
								"localhost"
							],
							"port": "8081",
							"path": [
								"api",
								"v1",
								"quiz",
								"1"
							],
							"query": [
								{
									"key": "",
									"value": "",
									"disabled": true
								}
							]
						}
					},
					"response": []
				},
				{
					"name": "POST Quiz",
					"request": {
						"method": "POST",
						"header": [],
						"body": {
							"mode": "formdata",
							"formdata": [
								{
									"key": "description",
									"value": "quiz test hỏi dân it với eric",
									"type": "text"
								},
								{
									"key": "name",
									"value": "test",
									"type": "text"
								},
								{
									"key": "difficulty",
									"value": "EASY",
									"type": "text"
								},
								{
									"key": "quizImage",
									"type": "file",
									"src": []
								}
							]
						},
						"url": {
							"raw": "http://localhost:8081/api/v1/quiz",
							"protocol": "http",
							"host": [
								"localhost"
							],
							"port": "8081",
							"path": [
								"api",
								"v1",
								"quiz"
							]
						}
					},
					"response": []
				},
				{
					"name": "PUT Quiz",
					"request": {
						"method": "PUT",
						"header": [],
						"body": {
							"mode": "formdata",
							"formdata": [
								{
									"key": "id",
									"value": "1",
									"type": "text"
								},
								{
									"key": "description",
									"value": "update des",
									"type": "text"
								},
								{
									"key": "name",
									"value": "update name",
									"type": "text"
								},
								{
									"key": "difficulty",
									"value": "EASY",
									"type": "text"
								},
								{
									"key": "quizImage",
									"type": "file",
									"src": []
								}
							]
						},
						"url": {
							"raw": "http://localhost:8081/api/v1/quiz",
							"protocol": "http",
							"host": [
								"localhost"
							],
							"port": "8081",
							"path": [
								"api",
								"v1",
								"quiz"
							]
						}
					},
					"response": []
				},
				{
					"name": "DELETE Quiz",
					"request": {
						"method": "DELETE",
						"header": [],
						"url": {
							"raw": "http://localhost:8081/api/v1/quiz/1",
							"protocol": "http",
							"host": [
								"localhost"
							],
							"port": "8081",
							"path": [
								"api",
								"v1",
								"quiz",
								"1"
							]
						}
					},
					"response": []
				},
				{
					"name": "GET Quiz by Participant",
					"request": {
						"auth": {
							"type": "bearer",
							"bearer": [
								{
									"key": "token",
									"value": "eyJhbGciOiJIUzI1NiIsInR5cCI6IkpXVCJ9.eyJlbWFpbCI6InVzZXJAZ21haWwuY29tIiwicm9sZSI6IlVTRVIiLCJpZCI6MiwiaWF0IjoxNjYwMDU0MTQ0LCJleHAiOjE2NjAxNDA1NDR9.i_jTz8qL7-22C2bx7JTaMVhSmPrRam_JAFNtPSODwRQ",
									"type": "string"
								}
							]
						},
						"method": "GET",
						"header": [],
						"url": {
							"raw": "http://localhost:8081/api/v1/quiz-by-participant",
							"protocol": "http",
							"host": [
								"localhost"
							],
							"port": "8081",
							"path": [
								"api",
								"v1",
								"quiz-by-participant"
							]
						}
					},
					"response": []
				},
				{
					"name": "Assign Quiz to User",
					"request": {
						"auth": {
							"type": "bearer",
							"bearer": [
								{
									"key": "token",
									"value": "eyJhbGciOiJIUzI1NiIsInR5cCI6IkpXVCJ9.eyJlbWFpbCI6InVzZXJAZ21haWwuY29tIiwicm9sZSI6IlVTRVIiLCJpZCI6MiwiaWF0IjoxNjU5ODg1NjIxLCJleHAiOjE2NTk5NzIwMjF9.L-uB-NcGMI7ihCRpZKem-92dbTP4CpMjqQxYc98fQzg",
									"type": "string"
								}
							]
						},
						"method": "POST",
						"header": [],
						"body": {
							"mode": "urlencoded",
							"urlencoded": [
								{
									"key": "quizId",
									"value": "8",
									"type": "text"
								},
								{
									"key": "userId",
									"value": "10",
									"type": "text"
								}
							]
						},
						"url": {
							"raw": "http://localhost:8081/api/v1/quiz-assign-to-user",
							"protocol": "http",
							"host": [
								"localhost"
							],
							"port": "8081",
							"path": [
								"api",
								"v1",
								"quiz-assign-to-user"
							]
						}
					},
					"response": []
				},
				{
					"name": "GET Quiz with Question/Answer",
					"request": {
						"auth": {
							"type": "bearer",
							"bearer": [
								{
									"key": "token",
									"value": "eyJhbGciOiJIUzI1NiIsInR5cCI6IkpXVCJ9.eyJlbWFpbCI6InVzZXJAZ21haWwuY29tIiwicm9sZSI6IlVTRVIiLCJpZCI6MiwiaWF0IjoxNjYwMDU0MTQ0LCJleHAiOjE2NjAxNDA1NDR9.i_jTz8qL7-22C2bx7JTaMVhSmPrRam_JAFNtPSODwRQ",
									"type": "string"
								}
							]
						},
						"method": "GET",
						"header": [],
						"url": {
							"raw": "http://localhost:8081/api/v1/quiz-with-qa/12",
							"protocol": "http",
							"host": [
								"localhost"
							],
							"port": "8081",
							"path": [
								"api",
								"v1",
								"quiz-with-qa",
								"12"
							]
						}
					},
					"response": []
				},
				{
					"name": "Upsert Quiz with QA",
					"request": {
						"auth": {
							"type": "bearer",
							"bearer": [
								{
									"key": "token",
									"value": "eyJhbGciOiJIUzI1NiIsInR5cCI6IkpXVCJ9.eyJlbWFpbCI6InVzZXJAZ21haWwuY29tIiwicm9sZSI6IlVTRVIiLCJpZCI6MiwiaWF0IjoxNjYwMDk1MDkzLCJleHAiOjE2NjAxODE0OTN9.I4YfByOBLeQbo3uDbc5E0Xzh5OoFAJikcZ1EpeWCdg0",
									"type": "string"
								}
							]
						},
						"method": "POST",
						"header": [],
						"body": {
							"mode": "raw",
							"raw": "{\r\n    \"quizId\": 1,\r\n    \"questions\": [\r\n        {\r\n            \"id\": \"\",\r\n            \"description\": \"\",\r\n            \"imageFile\": \"data:image/png;base64,/9j/4AAQSkZJRgAB\",\r\n            \"imageName\": \"\",\r\n            \"answers\": [\r\n                {\r\n                    \"id\": \"\",\r\n                    \"description\": \"\",\r\n                    \"isCorrect\": false\r\n                }\r\n            ]\r\n        }\r\n    ]\r\n}",
							"options": {
								"raw": {
									"language": "json"
								}
							}
						},
						"url": {
							"raw": "http://localhost:8081/api/v1/quiz-upsert-qa",
							"protocol": "http",
							"host": [
								"localhost"
							],
							"port": "8081",
							"path": [
								"api",
								"v1",
								"quiz-upsert-qa"
							]
						}
					},
					"response": []
				}
			]
		},
		{
			"name": "Participant",
			"item": [
				{
					"name": "GET Participant (with pagination)",
					"request": {
						"method": "GET",
						"header": [],
						"url": {
							"raw": "http://localhost:8081/api/v1/participant?page=1&limit=2",
							"protocol": "http",
							"host": [
								"localhost"
							],
							"port": "8081",
							"path": [
								"api",
								"v1",
								"participant"
							],
							"query": [
								{
									"key": "page",
									"value": "1"
								},
								{
									"key": "limit",
									"value": "2"
								}
							]
						}
					},
					"response": []
				},
				{
					"name": "POST Participant",
					"request": {
						"method": "POST",
						"header": [],
						"body": {
							"mode": "formdata",
							"formdata": [
								{
									"key": "email",
									"value": "test@gmail.com",
									"type": "text"
								},
								{
									"key": "password",
									"value": "123456",
									"type": "text"
								},
								{
									"key": "username",
									"value": "eric",
									"type": "text"
								},
								{
									"key": "role",
									"value": "ADMIN",
									"type": "text"
								},
								{
									"key": "userImage",
									"type": "file",
									"src": "/C:/Users/akina/Desktop/dive-into-docker-1080p.jpg"
								}
							]
						},
						"url": {
							"raw": "http://localhost:8081/api/v1/participant",
							"protocol": "http",
							"host": [
								"localhost"
							],
							"port": "8081",
							"path": [
								"api",
								"v1",
								"participant"
							]
						}
					},
					"response": []
				},
				{
					"name": "PUT Participant",
					"request": {
						"method": "PUT",
						"header": [],
						"body": {
							"mode": "formdata",
							"formdata": [
								{
									"key": "id",
									"value": "11",
									"type": "text"
								},
								{
									"key": "username",
									"value": "test",
									"type": "text"
								},
								{
									"key": "role",
									"value": "ABC",
									"type": "text"
								},
								{
									"key": "userImage",
									"type": "file",
									"src": []
								}
							]
						},
						"url": {
							"raw": "http://localhost:8081/api/v1/participant",
							"protocol": "http",
							"host": [
								"localhost"
							],
							"port": "8081",
							"path": [
								"api",
								"v1",
								"participant"
							]
						}
					},
					"response": []
				},
				{
					"name": "DELETE Participant",
					"request": {
						"method": "DELETE",
						"header": [],
						"body": {
							"mode": "urlencoded",
							"urlencoded": [
								{
									"key": "id",
									"value": "1",
									"type": "text"
								}
							]
						},
						"url": {
							"raw": "http://localhost:8081/api/v1/participant",
							"protocol": "http",
							"host": [
								"localhost"
							],
							"port": "8081",
							"path": [
								"api",
								"v1",
								"participant"
							]
						}
					},
					"response": []
				},
				{
					"name": "GET All Participants",
					"request": {
						"method": "GET",
						"header": [],
						"url": {
							"raw": "http://localhost:8081/api/v1/participant/all",
							"protocol": "http",
							"host": [
								"localhost"
							],
							"port": "8081",
							"path": [
								"api",
								"v1",
								"participant",
								"all"
							],
							"query": [
								{
									"key": "",
									"value": "",
									"disabled": true
								},
								{
									"key": "",
									"value": "",
									"disabled": true
								}
							]
						}
					},
					"response": []
				}
			]
		},
		{
			"name": "Question",
			"item": [
				{
					"name": "GET 1 Question (all)",
					"request": {
						"method": "GET",
						"header": [],
						"url": {
							"raw": "http://localhost:8081/api/v1/question/1",
							"protocol": "http",
							"host": [
								"localhost"
							],
							"port": "8081",
							"path": [
								"api",
								"v1",
								"question",
								"1"
							],
							"query": [
								{
									"key": null,
									"value": "",
									"disabled": true
								}
							]
						}
					},
					"response": []
				},
				{
					"name": "POST Question",
					"request": {
						"method": "POST",
						"header": [],
						"body": {
							"mode": "formdata",
							"formdata": [
								{
									"key": "quiz_id",
									"value": "1",
									"type": "text"
								},
								{
									"key": "description",
									"value": "abc",
									"type": "text"
								},
								{
									"key": "questionImage",
									"type": "file",
									"src": []
								}
							]
						},
						"url": {
							"raw": "http://localhost:8081/api/v1/question",
							"protocol": "http",
							"host": [
								"localhost"
							],
							"port": "8081",
							"path": [
								"api",
								"v1",
								"question"
							]
						}
					},
					"response": []
				},
				{
					"name": "PUT Question",
					"request": {
						"method": "PUT",
						"header": [],
						"body": {
							"mode": "formdata",
							"formdata": [
								{
									"key": "id",
									"value": "5",
									"type": "text"
								},
								{
									"key": "quiz_id",
									"value": "2",
									"type": "text"
								},
								{
									"key": "description",
									"value": "def",
									"type": "text"
								},
								{
									"key": "questionImage",
									"type": "file",
									"src": []
								}
							]
						},
						"url": {
							"raw": "http://localhost:8081/api/v1/question",
							"protocol": "http",
							"host": [
								"localhost"
							],
							"port": "8081",
							"path": [
								"api",
								"v1",
								"question"
							]
						}
					},
					"response": []
				},
				{
					"name": "DELETE Question",
					"request": {
						"auth": {
							"type": "bearer",
							"bearer": [
								{
									"key": "token",
									"value": "eyJhbGciOiJIUzI1NiIsInR5cCI6IkpXVCJ9.eyJlbWFpbCI6InVzZXJAZ21haWwuY29tIiwicm9sZSI6IlVTRVIiLCJpZCI6MiwiaWF0IjoxNjYwMTA2MTc3LCJleHAiOjE2NjAxOTI1Nzd9.guQ8jmZn5tS_TRYcVycPcataHzcTVBoJ7cdhaOYJ5NI",
									"type": "string"
								}
							]
						},
						"method": "DELETE",
						"header": [],
						"body": {
							"mode": "urlencoded",
							"urlencoded": [
								{
									"key": "id",
									"value": "53",
									"type": "text"
								},
								{
									"key": "quizId",
									"value": "10",
									"type": "text"
								}
							]
						},
						"url": {
							"raw": "http://localhost:8081/api/v1/question",
							"protocol": "http",
							"host": [
								"localhost"
							],
							"port": "8081",
							"path": [
								"api",
								"v1",
								"question"
							]
						}
					},
					"response": []
				},
				{
					"name": "Get Questions by Quiz Id",
					"request": {
						"method": "GET",
						"header": [],
						"url": {
							"raw": "http://localhost:8081/api/v1/questions-by-quiz?quizId=2",
							"protocol": "http",
							"host": [
								"localhost"
							],
							"port": "8081",
							"path": [
								"api",
								"v1",
								"questions-by-quiz"
							],
							"query": [
								{
									"key": "quizId",
									"value": "2"
								}
							]
						}
					},
					"response": []
				},
				{
					"name": "Create Questions and Answers for a Quiz",
					"request": {
						"auth": {
							"type": "bearer",
							"bearer": [
								{
									"key": "token",
									"value": "eyJhbGciOiJIUzI1NiIsInR5cCI6IkpXVCJ9.eyJlbWFpbCI6InVzZXJAZ21haWwuY29tIiwicm9sZSI6IlVTRVIiLCJpZCI6MiwiaWF0IjoxNjU5Nzc0NzIzLCJleHAiOjE2NTk4NjExMjN9.f3Ah9svsjVtqgT3E2cS0Ec6fILpwoG4pXyfIdB9W_dU",
									"type": "string"
								}
							]
						},
						"method": "POST",
						"header": [],
						"url": {
							"raw": "http://localhost:8081/api/v1/question-with-answer-by-quiz",
							"protocol": "http",
							"host": [
								"localhost"
							],
							"port": "8081",
							"path": [
								"api",
								"v1",
								"question-with-answer-by-quiz"
							]
						}
					},
					"response": []
				},
				{
					"name": "Update Questions with Answers for a Quiz",
					"request": {
						"method": "PUT",
						"header": []
					},
					"response": []
				}
			]
		},
		{
			"name": "Answer",
			"item": [
				{
					"name": "POST Answer",
					"request": {
						"method": "POST",
						"header": [],
						"body": {
							"mode": "urlencoded",
							"urlencoded": [
								{
									"key": "description",
									"value": "aaaaaaaaa",
									"type": "text"
								},
								{
									"key": "correct_answer",
									"value": "false",
									"type": "text"
								},
								{
									"key": "question_id",
									"value": "1",
									"type": "text"
								}
							]
						},
						"url": {
							"raw": "http://localhost:8081/api/v1/answer",
							"protocol": "http",
							"host": [
								"localhost"
							],
							"port": "8081",
							"path": [
								"api",
								"v1",
								"answer"
							]
						}
					},
					"response": []
				},
				{
					"name": "PUT Answer",
					"request": {
						"method": "PUT",
						"header": [],
						"body": {
							"mode": "urlencoded",
							"urlencoded": [
								{
									"key": "description",
									"value": "abc",
									"type": "text"
								},
								{
									"key": "correct_answer",
									"value": "false",
									"type": "text"
								},
								{
									"key": "question_id",
									"value": "1",
									"type": "text"
								},
								{
									"key": "answer_id",
									"value": "29",
									"type": "text"
								}
							]
						},
						"url": {
							"raw": "http://localhost:8081/api/v1/answer",
							"protocol": "http",
							"host": [
								"localhost"
							],
							"port": "8081",
							"path": [
								"api",
								"v1",
								"answer"
							]
						}
					},
					"response": []
				},
				{
					"name": "DELETE Answer",
					"request": {
						"method": "DELETE",
						"header": [],
						"url": {
							"raw": "http://localhost:8081/api/v1/answer/29",
							"protocol": "http",
							"host": [
								"localhost"
							],
							"port": "8081",
							"path": [
								"api",
								"v1",
								"answer",
								"29"
							]
						}
					},
					"response": []
				},
				{
					"name": "Submit Answers - Finish Quiz",
					"request": {
						"auth": {
							"type": "bearer",
							"bearer": [
								{
									"key": "token",
									"value": "eyJhbGciOiJIUzI1NiIsInR5cCI6IkpXVCJ9.eyJlbWFpbCI6InVzZXJAZ21haWwuY29tIiwicm9sZSI6IlVTRVIiLCJpZCI6MiwiaWF0IjoxNjYwMDk1MDkzLCJleHAiOjE2NjAxODE0OTN9.I4YfByOBLeQbo3uDbc5E0Xzh5OoFAJikcZ1EpeWCdg0",
									"type": "string"
								}
							]
						},
						"method": "POST",
						"header": [],
						"body": {
							"mode": "raw",
							"raw": "{\r\n    \"quizId\": 1,\r\n    \"answers\": [\r\n        { \r\n            \"questionId\": 1,\r\n            \"userAnswerId\": [3]\r\n        },\r\n        { \r\n            \"questionId\": 2,\r\n            \"userAnswerId\": [6]\r\n        }\r\n    ]\r\n}",
							"options": {
								"raw": {
									"language": "json"
								}
							}
						},
						"url": {
							"raw": "http://localhost:8081/api/v1/quiz-submit",
							"protocol": "http",
							"host": [
								"localhost"
							],
							"port": "8081",
							"path": [
								"api",
								"v1",
								"quiz-submit"
							]
						}
					},
					"response": []
				}
			]
		}
	]
}